{"cameraMode":{"drawMode":0,"name":"Shaded","section":"Shading Mode"},"sceneLighting":true,"audioPlay":false,"sceneViewState":{"m_AlwaysRefresh":false,"showFog":true,"showSkybox":true,"showFlares":true,"showImageEffects":true,"showParticleSystems":true,"showVisualEffectGraphs":true,"m_FxEnabled":true},"in2DMode":false,"pivot":{"x":-0.9210000038146973,"y":0.8838746547698975,"z":0.008754730224609375},"rotation":{"x":-0.23350894451141358,"y":0.20981721580028535,"z":-0.05167926475405693,"w":-0.9480423927307129},"size":2.3078994750976564,"orthographic":true}